videoID,videoName
B000JO9JHW,"Dexter, Season 1"
B000HAB4NK,"24, S. 5"
B000I9TWV6,"Dora the Explorer, S. 2"
B000I9S5BE,"Blue's Clues, S.1"
B000H4YNM0,"It's Always Sunny in Philadelphia, S.2"
B000JQYE4I,"The Shield, S. 5"
B000IJRK7O,"Prison Break, S. 2"
B000HZEHL6,"NCIS, S. 3"
B00DAHSVYC,"Under the Dome, S. 1"
B00I3MPDP4,"BOSCH, S. 1"
B00I3MMN4I,"The After, S. 1"
B00CDBTQCW,"Alpha House, S. 1"
B00DTOYIIE,"Breaking Bad, S. 6"
B009FZFONO,"The Walking Dead, S. 3"
B00B8P8O9K,"The Americans, S. 1"
B00CDBR1P6,"Betas, S. 1"
B00F87ZUYG,"The Walking Dead, S. 4"
B005544TRQ,"Suits, S. 1"
B00APE00H4,"Justified, S. 4"
B004MWZLYC,"Justified, S. 2"
B0083IJGBU,"Pride and Prejudice (1995), S. 1"
B009IG59DK,"Scandal, S. 2"
B009IF7092,"The Big Bang Theory, S. 6"
B003NRWVMC,"London Hospital, S. 2"
B00CE10BD4,"Shaun the Sheep, S. 1"
B009GEDP26,"Castle, S. 5"
008JSOXLW,"White Collar, S. 4"